form_id,error
9,Review Final Signature Page
11,Dual Enrollment Authorization and FERPA Release Form
14,Change of Grade Request
22,HR Background Check Authorization Form
43,Program_Degree Proposal Form
44,Program_Degree Proposal Form
49,"Athletics Release of Liability, Indemnification, and Assumption of Risk"
53,Payroll Report [old]
64,Z - EXAMPLE
77,Z_Out-of-State Remote Work Agreement - Current Employee
79,Payroll Report
117,AP Check Request and Prepaid Travel
118,AP Check Request and Prepaid Travel
119,AP Check Request and Prepaid Travel
168,Catalog Year Adjustment
174,[JL Softdocs] Test Source
175,[JL Softdocs] Test Source
176,[JL Softdocs] Test Source
230,[TEST] Public Safety Appraisal
232,Facility Reservation Request (Building M)
235,New Vendor Application (Anonymous)
244,Facilities Reservation Request - Internal
